Name,Age,Marks
Aranya,3.258096538021482,15
Ray,3.1780538303479458,23
Manas,2.995732273553991,30
Susmita,4.605170185988092,50
