Name,Age,Marks
Aranya,-0.3157894736842105,15
Ray,-0.34210526315789475,23
Manas,-0.39473684210526316,30
Susmita,0.6578947368421053,50
